کلمه,علامت,توضیح ۱,توضیح ۲
وال,0,بقره ۲۴۸ میتونه باشه؟,
ورد,0,,
وفي,0,,
وكل,0,تو سجده ۱۱ واو چسبیده,
ولي,0,هم به معنای سرپرست و هم در آیه سوره کافرون ,
وليتم,0,,
وليقولوا,0,,
وهب,0,,
والارض,0,,
والسماء,0,,
والشمس,0,,
والقران,0,,
والقمر,0,,
والكتاب,0,,
والله,0,,
والنهار,0,,
وربك,0,,
وربنا,0,,
وهذا,0,,
وابل,1,,
واثقكم,1,,
واجفة,1,,
واحد,1,,
واحدا,1,,
واحدة,1,,
واد,1,,
واديا,1,,
واردها,1,,
واردهم,1,,
واردون,1,,
وازرة,1,,
واسع,1,,
واسعا,1,,
واسعة,1,,
واصب,1,,
واصبا,1,,
واعدنا,1,,
واعدوا,1,,
واعية,1,,
واق,1,,
واقع,1,,
والد,1,,
والدة,1,,
والدتك,1,,
والده,1,,
والدي,1,,
واهية,1,,
وبال,1,,
وبيلا,1,,
وثاقه,1,,
وجبت,1,,
وجد,1,,
وجدت,1,,
وجدتم,1,,
وجدتموهم,1,,
وجدتها,1,,
وجدكم,1,,
وجدنا,1,,
وجدناه,1,,
وجدها,1,,
وجدوا,1,,
وجلة,1,,
وجلت,1,,
وجلون,1,,
وجه,1,,
وجهة,1,,
وجهت,1,,
وجهك,1,,
وجهه,1,,
وجهها,1,,
وجهي,1,,
وجوه,1,,
وجوها,1,,
وجوهكم,1,,
وجوههم,1,,
وجيها,1,,
وحده,1,,
وحي,1,,
وحيا,1,,
وحيدا,1,,
وحيه,1,,
ود,1,,
ودا,1,,
ودت,1,,
ودعك,1,,
ودوا,1,,
ودود,1,,
وراء,1,,
وراءكم,1,,
وراءه,1,,
وراءهم,1,,
ورائكم,1,,
ورائه,1,,
ورائهم,1,,
ورائي,1,,
ورثة,1,,
ورثوا,1,,
وردا,1,,
وردة,1,,
وردوها,1,,
ورق,1,,
ورقة,1,,
وزر,1,,
وزرا,1,,
وزرك,1,,
وزنا,1,,
وزيرا,1,,
وسطا,1,,
وسع,1,,
وسعت,1,,
وسعها,1,,
وسق,1,,
وصاكم,1,,
وصفهم,1,,
وصل,1,,
وصلنا,1,,
وصي,1,,
وصية,1,,
وصيلة,1,,
وصينا,1,,
وضع,1,,
وضعت,1,,
وضعتها,1,,
وضعها,1,,
وطئا,1,,
وطرا,1,,
وعاء,1,,
وعد,1,,
وعدا,1,,
وعدتنا,1,,
وعدتهم,1,,
وعدك,1,,
وعدكم,1,,
وعدنا,1,,
وعدناه,1,,
وعدناهم,1,,
وعده,1,,
وعدها,1,,
وعدهم,1,,
وعدوه,1,,توبه ۷۷
وعيد,1,,
وفاقا,1,,
وفدا,1,,
وقارا,1,,
وقب,1,,
وقر,1,,
وقرا,1,,
وقع,1,,
وقعت,1,,
وقفوا,1,,
وقود,1,,
وقودها,1,,
وكلنا,1,,
وكيل,1,,
وكيلا,1,,
ولاهم,1,???,
ولايتهم,1,,
ولتات,1,???,
ولتكن,1,???,
ولد,1,,
ولدا,1,,
ولدان,1,,
ولدت,1,,
ولدنهم,1,,
ولده,1,,
ولكنكم,1,???,
ولكنه,1,???,
ولكنهم,1,???,
ولكني,1,???,
ولوا,1,,
ولياخذوا,1,,
وليتق,1,???,
وليتلطف,1,???,
وليجة,1,,
وليجدوا,1,,
وليحكم,1,,
وليخش,1,???,
وليدا,1,,
وليدع,1,???,
وليستعفف,1,,
وليشهد,1,,
وليصفحوا,1,,
وليضربن,1,,
وليطوفوا,1,,
وليعفوا,1,,
وليكتب,1,,
وليكم,1,,
وليملل,1,???,
ولينا,1,,
وليه,1,,
وليهم,1,,
وليهما,1,,
وليوفوا,1,,
وليومنوا,1,,
وليي,1,,
وهاجا,1,,
وهبت,1,,
وهبنا,1,,
وهن,1,,
وهنا,1,,
وهنوا,1,,
ووري,1,,
ويكان,1,???,
ويكانه,1,???,
ويل,1,,
ويلتا,1,,
ويلتنا,1,,
ويلتي,1,,
ويلك,1,???,
ويلكم,1,,
ويلنا,1,,
ويلههم,1,???,
والبحر,1,,
والبيت,1,,
والتين,1,,
والذاريات,1,,
والسابحات,1,,
والسقف,1,,
والشفع,1,,
والصافات,1,,
والصبح,1,,
والضحي,1,,
والطور,1,,
والعاديات,1,,
والعصر,1,,
والفجر,1,,
والقلم,1,,
والليل,1,,
والمرسلات,1,,
والنازعات,1,,
والناشرات,1,,
والناشطات,1,,
والنجم,1,,
واليوم,1,,
وربي,1,,
وشاهد,1,,
وطور,2,,
وكتاب,1,,
وليال,1,,
ونفس,1,,
ووالد,1,,
وابا,2,,عبس ۳۱
واباءهم,2,,
واباريق,2,,
واباوكم,2,,
واباونا,2,,
وابتغ,2,,
وابتغاء,2,,
وابتغاوكم,2,,
وابتغوا,2,,
وابتلوا,2,,
وابرئ,2,,
وابراهيم,2,,
وابشروا,2,,
وابصارا,2,,
وابصاركم,2,,
وابصارهم,2,,
وابصر,2,,
وابصرهم,2,,
وابعث,2,,
وابقي,2,,
وابكارا,2,,
وابكي,2,,
وابلغكم,2,,
وابن,2,,
وابناءكم,2,,
وابنائنا,2,,
وابناوكم,2,,
وابنها,2,,
وابونا,2,,
وابي,2,,طه ۵۶
وابيضت,2,,
وابيه,2,,
وات,2,,
واتاكم,2,,
واتاني,2,,
واتاه,2,,
واتاهم,2,,
واتبع,2,,
واتبعت,2,,
واتبعتهم,2,,
واتبعك,2,,
واتبعنا,2,,
واتبعناهم,2,,
واتبعوا,2,,
واتبعون,2,,
واتبعوه,2,,
واتت,2,,
واتخذ,2,,
واتخذتموه,2,,
واتخذوا,2,,
واترفناهم,2,,
واترك,2,,
واتق,2,,
واتقوا,2,,
واتقون,2,,
واتقوه,2,,
واتقي,2,,آل عمران ۷۶
واتقين,2,,
واتل,2,,
واتمروا,2,,
واتممت,2,,
واتممناها,2,,
واتموا,2,,
واتنا,2,,
واتوا,2,,
واتوني,2,,
واتوهم,2,,
واتوهن,2,,
واتي,2,,بقره ۱۷۷ میتونه باشه؟
واتيتم,2,,
واتين,2,,
واتينا,2,,
واتيناك,2,,
واتيناه,2,,
واتيناهم,2,,
واتيناهما,2,,
واثابهم,2,,
واثارا,2,,
واثارهم,2,,
واثاروا,2,,
واثر,2,,نازعات ۳۸ میتونه باشه؟
واثقالا,2,,
واثل,2,,
واثما,2,,
واثمك,2,,
واثمهما,2,,
واجتبينا,2,,
واجتبيناهم,2,,
واجتنبوا,2,,
واجدر,2,,
واجر,2,,
واجرا,2,,
واجعل,2,,
واجعلنا,2,,
واجعلني,2,,
واجعله,2,,
واجعلوا,2,,
واجل,2,,
واجلب,2,,
واجمعوا,2,,
واجنبني,2,,
واحاط,2,,
واحاطت,2,,
واحباوه,2,,
واحذرهم,2,,
واحذروا,2,,
واحسن,2,,
واحسنوا,2,,
واحصروهم,2,,
واحصوا,2,,
واحصي,2,,
واحضرت,2,,نساء ۱۲۸
واحفظوا,2,,
واحل,2,,
واحلت,2,,
واحلل,2,,
واحلوا,2,,
واحيا,2,,
واحيط,2,,
واحيي,2,,
واحييتنا,2,,
واحيينا,2,,
واخاف,2,,
واخاه,2,,
واخبتوا,2,,
واختار,2,,
واختلاف,2,,
واختلفوا,2,,
واخذ,2,,
واخذت,2,,
واخذتم,2,,
واخذن,2,,
واخذنا,2,,
واخذناهم,2,,
واخذهم,2,,
واخذوا,2,,
واخر,2,,یوسف ۴۶
واخراج,2,,
واخرت,2,,
واخرج,2,,
واخرجت,2,,
واخرجنا,2,,
واخرجني,2,,
واخرجوا,2,,
واخرجوكم,2,,
واخرجوهم,2,,
واخرنا,2,,مائده ۱۴۴ میتونه باشه؟
واخرون,2,,
واخري,2,,
واخرين,2,,
واخشوا,2,,
واخشون,2,,
واخشوني,2,,
واخفض,2,,
واخفي,2,,
واخلصوا,2,,
واخواتكم,2,,
واخوان,2,,
واخوانكم,2,,
واخوانهم,2,,
واخوته,2,,
واخوك,2,,
واخوه,2,,
واخي,2,,
واخيه,2,,
واداء,2,,
وادبار,2,,
وادبارهم,2,,
وادخل,2,,
وادخلنا,2,,
وادخلناه,2,,
وادخلناهم,2,,
وادخلني,2,,
وادخلهم,2,,
وادخلوا,2,,
وادخلي,2,,
وادريس,2,,
وادع,2,,
وادعو,2,,
وادعوا,2,,
وادعوه,2,,
وادكر,2,,
وادني,2,,
واذ,2,,
واذا,2,,
واذان,2,,
واذكر,2,,
واذكرن,2,,
واذكروا,2,,
واذكروه,2,,
واذن,2,,
واذنت,2,,
وارادوا,2,,
وارتابت,2,,
وارتبتم,2,,
وارتقبوا,2,,
وارجعوا,2,,
وارجلكم,2,,
وارجلهم,2,,
وارجلهن,2,,
وارجوا,2,,
وارحم,2,,
وارحمنا,2,,
وارزق,2,,
وارزقنا,2,,
وارزقهم,2,,
وارزقوهم,2,,
وارسل,2,,
وارسلنا,2,,
وارسلناك,2,,
وارسلناه,2,,
وارصادا,2,,
وارض,2,,
وارضا,2,,
وارعوا,2,,
واركعوا,2,,
واركعي,2,,
وارنا,2,,
واري,2,,
وازدادوا,2,,
وازدجر,2,,
وازلفت,2,,
وازلفنا,2,,
وازواج,2,,
وازواجكم,2,,
وازواجه,2,,
وازواجهم,2,,
وازينت,2,,
واسال,2,,
واسالهم,2,,
واسالوا,2,,
واسبغ,2,,
واستبرق,2,,
واستبقا,2,,
واستحيوا,2,,
واسترهبوهم,2,,
واستشهدوا,2,,
واستعمركم,2,,
واستعينوا,2,,
واستغشوا,2,,
واستغفر,2,,
واستغفره,2,,
واستغفروا,2,,
واستغفروه,2,,
واستغفري,2,,
واستغني,2,,
واستفتحوا,2,,
واستفزز,2,,
واستقم,2,,
واستكبر,2,,
واستكبرت,2,,
واستكبرتم,2,,
واستكبروا,2,,
واستمتعتم,2,,
واستمع,2,,
واستوت,2,,
واستوي,2,,
واستيقنتها,2,,
واسجد,2,,
واسجدوا,2,,
واسجدي,2,,
واسحاق,2,,
واسرائيل,2,,
واسرافنا,2,,
واسرحكن,2,,
واسررت,2,,
واسروا,2,,
واسروه,2,,
واسقيناكم,2,,
واسلحتهم,2,,
واسلمت,2,,
واسلموا,2,,
واسلنا,2,,
واسماعيل,2,,
واسمع,2,,
واسمعوا,2,,
واسيرا,2,,
واشتروا,2,,
واشتعل,2,,
واشد,2,,
واشدد,2,,
واشربوا,2,,
واشربي,2,,
واشرقت,2,,
واشرك,2,,
واشركه,2,,
واشعارها,2,,
واشفقن,2,,
واشكروا,2,,
واشهد,2,,
واشهدهم,2,,
واشهدوا,2,,
واصابه,2,,
واصبح,2,,
واصبر,2,,
واصبروا,2,,
واصحاب,2,,
واصروا,2,,
واصطبر,2,,
واصطفاك,2,,
واصطنعتك,2,,
واصفاكم,2,,
واصفح,2,,
واصفحوا,2,,
واصلح,2,,
واصلحا,2,,
واصلحنا,2,,
واصلحوا,2,,
واصنع,2,,
واصيلا,2,,
واضرب,2,,
واضربوا,2,,
واضربوهن,2,,
واضعف,2,,
واضل,2,,
واضله,2,,
واضلهم,2,,
واضلوا,2,,
واضمم,2,,
واطراف,2,,
واطعموا,2,,
واطعن,2,,
واطعنا,2,,
واطغي,2,,
واطمانوا,2,,
واطهر,2,,
واطيعوا,2,,
واطيعون,2,,
واظهره,2,,
واعانه,2,,
واعبد,2,,
واعبدوا,2,,
واعبدوه,2,,
واعتدت,2,,
واعتدنا,2,,
واعتزلكم,2,,
واعتصموا,2,,
واعد,2,,
واعرض,2,,
واعز,2,,
واعطي,2,,
واعظم,2,,
واعف,2,,
واعلم,2,,
واعلموا,2,,
واعملوا,2,,
واعمي,2,,
واعناب,2,,
واعنابا,2,,
واعوذ,2,,
واعينهم,2,,
واغرقنا,2,,
واغضض,2,,
واغطش,2,,
واغفر,2,,
واغلالا,2,,
واغلظ,2,,
وافئدة,2,,
وافئدتهم,2,,
وافعلوا,2,,
وافوض,2,,
واقام,2,,
واقاموا,2,,
واقبل,2,,
واقبلوا,2,,
واقترب,2,,
واقتلوهم,2,,
واقرب,2,,
واقرضتم,2,,
واقرضوا,2,,
واقسطوا,2,,
واقسموا,2,,
واقصد,2,,
واقعدوا,2,,
واقل,2,,
واقم,2,,
واقمن,2,,
واقني,2,,
واقوم,2,,
واقيموا,2,,
واكبر,2,,
واكتب,2,,
واكثر,2,,
واكثرهم,2,,
واكدي,2,,
واكسوهم,2,,
واكفروا,2,,
واكلهم,2,,
واكن,2,,
واكواب,2,,
واكيد,2,,
والا,2,,
والابرص,2,,
والابصار,2,,
والابكار,2,,
والاثم,2,,
والاحبار,2,,
والاحزاب,2,,
والاحسان,2,,
والاخر,2,,حدید ۳ میتونه باشه؟
والاخرة,2,,
والاخرين,2,,
والاذن,2,,
والاذي,2,,
والارحام,2,,
والازلام,2,,
والاسباط,2,,
والاشراق,2,,
والاصال,2,,
والاصم,2,,
والاعناب,2,,
والاعناق,2,,
والاغلال,2,,
والافئدة,2,,
والاقدام,2,,
والاقربون,2,,
والاقربين,2,,
والاكرام,2,,
والامر,2,,
والاميين,2,,
والانثي,2,,
والانجيل,2,,
والانس,2,,
والانصاب,2,,
والانصار,2,,
والانعام,2,,
والانف,2,,
والانفس,2,,
والاولاد,2,,
والاولي,2,,
والاولين,2,,
والايمان,2,,
والباد,2,,
والباطل,2,,
والباطن,2,,
والباقيات,2,,
والبدن,2,,
والبصر,2,,
والبصير,2,,
والبغال,2,,
والبغضاء,2,,
والبغي,2,,
والبلد,2,,
والبنون,2,,
والبنين,2,,
والترائب,2,,
والتفت,2,,
والتقوي,2,,
والتوراة,2,,
والتي,2,,
والثمرات,2,,
والجار,2,,
والجان,2,,
والجبال,2,,
والجبلة,2,,
والجراد,2,,
والجروح,2,,
والجسم,2,,
والجلود,2,,
والجن,2,,
والجوع,2,,
والحافظات,2,,
والحافظون,2,,
والحافظين,2,,
والحب,2,,
والحج,2,,
والحجارة,2,,
والحرث,2,,
والحرمات,2,,
والحساب,2,,
والحق,2,,
والحقني,2,,
والحكم,2,,
والحكمة,2,,
والحمد,2,,
والحمير,2,,
والحياة,2,,
والخاشعات,2,,
والخاشعين,2,,
والخامسة,2,,
والخبيثون,2,,
والخنازير,2,,
والخوف,2,,
والخير,2,,
والخيل,2,,
والدار,2,,
والدم,2,,
والدواب,2,,
والذاكرات,2,,
والذاكرين,2,,
والذكر,2,,
والذي,2,,
والذين,2,,
والراسخون,2,,
والربانيون,2,,
والرجز,2,,
والرسول,2,,
والرقيم,2,,
والركب,2,,
والركع,2,,
والرمان,2,,
والرهبان,2,,
والروح,2,,
والريحان,2,,
والزاني,2,,
والزانية,2,,
والزبر,2,,
والزرع,2,,
والزكاة,2,,
والزمهم,2,,
والزيتون,2,,
والسائلين,2,,
والسابقون,2,,
والسارق,2,,
والسارقة,2,,
والساعة,2,,
والسحاب,2,,
والسراء,2,,
والسعة,2,,
والسلاسل,2,,
والسلام,2,,
والسلوي,2,,
والسماوات,2,,
والسميع,2,,
والسن,2,,
والسنتهم,2,,
والسوء,2,,
والسيئات,2,,
والشجر,2,,
والشجرة,2,,
والشعراء,2,,
والشمائل,2,,
والشهادة,2,,
والشهداء,2,,
والشهر,2,,
والشياطين,2,,
والصائمات,2,,
والصائمين,2,,
والصابئون,2,,
والصابئين,2,,
والصابرات,2,,
والصابرين,2,,
والصاحب,2,,
والصادقات,2,,
والصادقين,2,,
والصالحين,2,,
والصديقين,2,,
والصلاة,2,,
والصلح,2,,
والصيف,2,,
والضراء,2,,
والضفادع,2,,
والضلال,2,,
والطارق,2,,
والطاغوت,2,,
والطيب,2,,
والطيبات,2,,
والطيبون,2,,
والطير,2,,
والظالمون,2,,
والظالمين,2,,
والظاهر,2,,
والعافين,2,,
والعاقبة,2,,
والعاكفين,2,,
والعاملين,2,,
والعبد,2,,
والعدوان,2,,
والعذاب,2,,
والعزي,2,,
والعشي,2,,
والعصيان,2,,
والعمرة,2,,
والعمل,2,,
والعنهم,2,,
والعير,2,,
والعين,2,,
والغارمين,2,,
والغاوون,2,,
والغنم,2,,
والغوا,2,,
والف,2,,
والفتح,2,,
والفتنة,2,,
والفحشاء,2,,
والفرقان,2,,
والفسوق,2,,
والفضة,2,,
والفلك,2,,
والفواحش,2,,
والفواد,2,,
والفيا,2,,
والق,2,,
والقائلين,2,,
والقائمين,2,,
والقاسية,2,,
والقانتات,2,,
والقانتين,2,,
والقت,2,,
والقلائد,2,,
والقمل,2,,
والقناطير,2,,
والقوا,2,,
والقواعد,2,,
والقوه,2,,
والقي,2,,
والقيت,2,,
والقينا,2,,
والكاظمين,2,,
والكافرون,2,,
والكافرين,2,,
والكفار,2,,
واللائي,2,,
واللاتي,2,,
واللذان,2,,
والمتردية,2,,
والمتصدقات,2,,
والمتصدقين,2,,
والمجاهدون,2,,
والمجوس,2,,
والمحروم,2,,
والمحصنات,2,,
والمرجان,2,,
والمرجفون,2,,
والمروة,2,,
والمساكين,2,,
والمستضعفين,2,,
والمستغفرين,2,,
والمسجد,2,,
والمسكنة,2,,
والمسكين,2,,
والمسلمات,2,,
والمسيح,2,,
والمشركات,2,,
والمشركين,2,,
والمصدقات,2,,
والمطلقات,2,,
والمطلوب,2,,
والمعتر,2,,
والمغارب,2,,
والمغرب,2,,
والمغفرة,2,,
والمقيمي,2,,
والمقيمين,2,,
والمكذبين,2,,
والملائكة,2,,
والملك,2,,
والمنافقات,2,,
والمنافقين,2,,
والمنخنقة,2,,
والمنفقين,2,,
والمنكر,2,,
والمهاجرين,2,,
والموتفكات,2,,
والموتفكة,2,,
والموتون,2,,
والموتي,2,,
والموعظة,2,,
والموفون,2,,
والموقوذة,2,,
والمولفة,2,,
والمومنات,2,,
والمومنون,2,,
والمومنين,2,,
والميزان,2,,
والميسر,2,,
والنا,2,,
والنار,2,,
والناس,2,,
والناهون,2,,
والنبوة,2,,
والنبي,2,,
والنبيون,2,,
والنبيين,2,,
والنجوم,2,,
والنخل,2,,
والنخيل,2,,
والنذر,2,,
والنساء,2,,
والنسل,2,,
والنصاري,2,,
والنطيحة,2,,
والنور,2,,
والنوم,2,,
والنوي,2,,
واله,2,,
والهتك,2,,
والهدي,2,,
والهكم,2,,
والهنا,2,,
والوالدات,2,,
والوانكم,2,,
والوتر,2,,
والوزن,2,,
والولدان,2,,
والي,2,,
والياس,2,,
واليتامي,2,,
واليسع,2,,
واليك,2,,
والينا,2,,
واليه,2,,
واما,2,,
وامائكم,2,,
وامتازوا,2,,
وامتعتكم,2,,
وامددناكم,2,,
وامددناهم,2,,
وامر,2,,
وامراة,2,,
وامرات,2,,
وامراتان,2,,
وامراته,2,,
وامراتي,2,,
وامرت,2,,
وامرنا,2,,
وامره,2,,
وامرهم,2,,
وامروا,2,,
وامسحوا,2,,
وامضوا,2,,
وامطرنا,2,,
واملي,2,,
وامم,2,,
وامن,2,,فرقان۷۰ میتونه باشه؟
وامنا,2,,
وامنتم,2,,
وامنهم,2,,
وامنوا,2,,
وامه,2,,
وامهات,2,,
وامهاتكم,2,,
وامواتا,2,,
واموال,2,,
واموالا,2,,
واموالهم,2,,
وامي,2,,
واميت,2,,
وان,2,,
وانا,2,,
واناب,2,,
وانابوا,2,,
واناثا,2,,
واناسي,2,,
وانبئكم,2,,
وانبتت,2,,
وانبتنا,2,,
وانبتها,2,,
وانت,2,,
وانتصروا,2,,
وانتظر,2,,
وانتظروا,2,,
وانتم,2,,
وانثي,2,,
وانجينا,2,,
وانحر,2,,
وانذر,2,,
وانذرهم,2,,
وانزل,2,,
وانزلنا,2,,
وانشانا,2,,
وانشق,2,,
وانشقت,2,,
وانصتوا,2,,
وانصح,2,,
وانصرنا,2,,
وانصروا,2,,
وانطلق,2,,
وانظر,2,,
وانظرنا,2,,
وانظروا,2,,
وانعام,2,,
وانعمت,2,,
وانفسكم,2,,
وانفسنا,2,,
وانفسهم,2,,
وانفقوا,2,,
وانقلبوا,2,,
وانك,2,,
وانكحوا,2,,
وانكم,2,,
وانما,2,,
واننا,2,,
وانني,2,,
وانه,2,,
وانها,2,,
وانهار,2,,
وانهارا,2,,
وانهم,2,,
وانهما,2,,
واني,2,,
وانيبوا,2,,
واهجرني,2,,
واهجرهم,2,,
واهجروهن,2,,
واهدنا,2,,
واهديك,2,,
واهش,2,,
واهل,2,,
واهلك,2,,
واهلكنا,2,,
واهلنا,2,,
واهله,2,,
واهلها,2,,
واهلونا,2,,
واهلي,2,,
واهليكم,2,,
واهليهم,2,,
واوبارها,2,,
واوتيت,2,,
واوتينا,2,,
واوجس,2,,
واوحي,2,,
واوحينا,2,,
واوذوا,2,,
واورثكم,2,,
واورثنا,2,,
واورثناها,2,,
واوصاني,2,,
واوفوا,2,,
واولئك,2,,
واولئكم,2,,
واولات,2,,
واولادا,2,,
واولادكم,2,,
واولادهم,2,,
واولو,2,,
واولي,2,,
واويناهما,2,,
واياته,2,,
واياك,2,,
واياكم,2,,
واياما,2,,
واياهم,2,,
واياي,2,,
واية,2,,مائده ۱۱۴ میتونه باشه؟
وايتاء,2,,
وايدكم,2,,
وايدناه,2,,
وايده,2,,
وايدهم,2,,
وايدي,2,,
وايديكم,2,,
وايديهم,2,,
وايمانهم,2,,
وايوب,2,,
وبئر,2,,
وبئس,2,,
وباءوا,2,,
وبارك,2,,
وباركنا,2,,
وباطل,2,,
وباطنة,2,,
وباطنه,2,,
وبالاخرة,2,,
وبالاسحار,2,,
وبالحق,2,,
وبالذي,2,,
وبالرسول,2,,
وبالزبر,2,,
وبالكتاب,2,,
وبالليل,2,,
وبالمومنين,2,,
وبالنجم,2,,
وبالوالدين,2,,
وباليوم,2,,
وبايمانهم,2,,
وبث,2,,
وبدا,2,,
وبدارا,2,,
وبداره,2,,
وبدلناهم,2,,
وبذلك,2,,
وبذي,2,,
وبرا,2,,
وبرحمته,2,,
وبرزت,2,,
وبرزوا,2,,
وبرسوله,2,,
وبرسولي,2,,
وبرق,2,,
وبركات,2,,
وبركاته,2,,
وبست,2,,
وبسر,2,,
وبشر,2,,
وبشرناه,2,,
وبشروه,2,,
وبشري,2,,
وبشير,2,,
وبصدهم,2,,
وبصلها,2,,
وبطل,2,,
وبعثنا,2,,
وبعهد,2,,
وبعولتهن,2,,
وبقية,2,,
وبكفرهم,2,,
وبكلامي,2,,
وبكم,2,,
وبكما,2,,
وبكيا,2,,
وبلغ,2,,
وبلغت,2,,
وبلغنا,2,,
وبلوناهم,2,,
وبما,2,,
وبمن,2,,
وبنات,2,,
وبناتك,2,,
وبناتكم,2,,
وبنعمة,2,,
وبنعمت,2,,
وبني,2,,
وبنين,2,,
وبنينا,2,,
وبنيه,2,,
وبه,2,,
وبواكم,2,,
وبيع,2,,
وبين,2,,
وبينات,2,,
وبينك,2,,
وبينكم,2,,
وبينه,2,,
وبينهم,2,,
وبينهما,2,,
وبينوا,2,,
وتاب,2,,
وتابي,2,,
وتاتون,2,,
وتاسرون,2,,
وتاكلون,2,,
وتالله,2,,
وتب,2,,
وتبارك,2,,
وتبتل,2,,
وتبرئ,2,,
وتبغونها,2,,
وتبين,2,,
وتتخذون,2,,
وتتقوا,2,,
وتتلقاهم,2,,
وتثبيتا,2,,
وتجارة,2,,
وتجاهدون,2,,
وتجعلون,2,,
وتحبون,2,,
وتحرير,2,,
وتحسبهم,2,,
وتحسبونه,2,,
وتحشرون,2,,
وتحمل,2,,
وتحيتهم,2,,
وتخر,2,,
وتخرج,2,,
وتخرجون,2,,
وتخشي,2,,
وتخفون,2,,
وتخفي,2,,
وتخلت,2,,
وتخلقون,2,,
وتخونوا,2,,
وتدعوا,2,,
وتدعونني,2,,
وتدلوا,2,,
وتذرون,2,,
وتذكيري,2,,
وتذل,2,,
وتذهب,2,,
وتذوقوا,2,,
وتراهم,2,,
وتربصتم,2,,
وترجون,2,,
وترحمنا,2,,
وترحمني,2,,
وترزق,2,,
وترغبون,2,,
وتركتم,2,,
وتركنا,2,,
وتركهم,2,,
وتركوك,2,,
وترهقهم,2,,
وتري,2,,
وتزكيهم,2,,
وتزهق,2,,
وتزودوا,2,,
وتسبحوه,2,,
وتسبيحه,2,,
وتستخرجوا,2,,
وتستخرجون,2,,
وتسعون,2,,
وتسلموا,2,,
وتسليما,2,,
وتسود,2,,
وتسير,2,,
وتشاور,2,,
وتشتكي,2,,
وتشهد,2,,
وتصدق,2,,
وتصدون,2,,
وتصدية,2,,
وتصريف,2,,
وتصف,2,,
وتصفحوا,2,,
وتصلحوا,2,,
وتصلية,2,,
وتضحكون,2,,
وتضع,2,,
وتطمئن,2,,
وتظنون,2,,
وتعالي,2,,
وتعاونوا,2,,
وتعز,2,,
وتعزروه,2,,
وتعلم,2,,
وتعمل,2,,
وتعيها,2,,
وتغشي,2,,
وتغفروا,2,,
وتفاخر,2,,
وتفريقا,2,,
وتفصيل,2,,
وتفصيلا,2,,
وتفقد,2,,
وتقبل,2,,
وتقسطوا,2,,
وتقطعت,2,,
وتقطعوا,2,,
وتقطعون,2,,
وتقلبك,2,,
وتقواها,2,,
وتقول,2,,
وتقولوا,2,,
وتقولون,2,,
وتكاثر,2,,
وتكتموا,2,,
وتكتمون,2,,
وتكفرون,2,,
وتكلمنا,2,,
وتكون,2,,
وتكونوا,2,,
وتلذ,2,,
وتلك,2,,
وتله,2,,
وتماثيل,2,,
وتمت,2,,
وتمتعوا,2,,
وتناجوا,2,,
وتنازعتم,2,,
وتنحتون,2,,
وتنذر,2,,
وتنزع,2,,
وتنسون,2,,
وتنشق,2,,
وتنهون,2,,
وتهدي,2,,
وتواصوا,2,,
وتوبوا,2,,
وتوتوها,2,,
وتودون,2,,
وتوفنا,2,,
وتوفي,2,,
وتوفيقا,2,,
وتوقروه,2,,
وتوكل,2,,
وتول,2,,
وتولج,2,,
وتولوا,2,,
وتولي,2,,
وتومنون,2,,
وتووي,2,,
وثامنهم,2,,
وثبت,2,,
وثقالا,2,,
وثلاث,2,,
وثلة,2,,
وثلثه,2,,
وثمانية,2,,
وثمود,2,,
وثيابك,2,,
وجئتك,2,,
وجئتكم,2,,
وجئنا,2,,
وجاء,2,,
وجاءت,2,,
وجاءته,2,,
وجاءتهم,2,,
وجاءك,2,,
وجاءكم,2,,
وجاءه,2,,
وجاءهم,2,,
وجاءوا,2,,
وجادلهم,2,,
وجادلوا,2,,
وجاعل,2,,
وجاعلوه,2,,
وجاهد,2,,
وجاهدهم,2,,
وجاهدوا,2,,
وجاوزنا,2,,
وجبريل,2,,
وجحدوا,2,,
وجحيما,2,,
وجرين,2,,
وجزاء,2,,
وجزاهم,2,,
وجعل,2,,
وجعلت,2,,
وجعلكم,2,,
وجعلنا,2,,
وجعلناكم,2,,
وجعلناه,2,,
وجعلناها,2,,
وجعلناهم,2,,
وجعلني,2,,
وجعلها,2,,
وجعلوا,2,,
وجفان,2,,
وجلودهم,2,,
وجمع,2,,
وجنات,2,,
وجنة,2,,
وجنت,2,,
وجنوبهم,2,,
وجنود,2,,
وجنودا,2,,
وجنوده,2,,
وجنودهما,2,,
وجني,2,,
وجهاد,2,,
وجهرا,2,,
وجهركم,2,,
وجيء,2,,
وحاجه,2,,
وحاق,2,,
وحال,2,,
وحب,2,,
وحبط,2,,
وحبل,2,,
وحجرا,2,,
وحدائق,2,,
وحرام,2,,
وحرث,2,,
وحرض,2,,
وحرم,2,,
وحرمنا,2,,
وحرموا,2,,
وحريرا,2,,
وحزنا,2,,
وحزني,2,,
وحسبوا,2,,
وحسن,2,,
وحسنت,2,,
وحشر,2,,
وحشرنا,2,,
وحشرناهم,2,,
وحصل,2,,
وحصورا,2,,
وحصيد,2,,
وحفدة,2,,
وحفظا,2,,
وحفظناها,2,,
وحففناهما,2,,
وحق,2,,
وحقت,2,,
وحكما,2,,
وحكمة,2,,
وحلائل,2,,
وحلالا,2,,
وحلوا,2,,
وحمر,2,,
وحملت,2,,
وحملناه,2,,
وحملناهم,2,,
وحمله,2,,
وحملها,2,,
وحميم,2,,
وحنانا,2,,
وحور,2,,
وحيث,2,,
وحيل,2,,
وحين,2,,
وخاب,2,,
وخاتم,2,,
وخاف,2,,
وخافون,2,,
وخالاتكم,2,,
وختم,2,,
وخذ,2,,
وخذوا,2,,
وخذوهم,2,,
وخر,2,,
وخرقوا,2,,
وخروا,2,,
وخسر,2,,
وخسف,2,,
وخشعت,2,,
وخشي,2,,
وخضتم,2,,
وخفية,2,,
وخلق,2,,
وخلقته,2,,
وخلقنا,2,,
وخلقناكم,2,,
وخلقهم,2,,
وخير,2,,
وخيفة,2,,
وداعيا,2,,
ودانية,2,,
وداوود,2,,
ودخل,2,,
ودرسوا,2,,
ودسر,2,,
ودع,2,,
ودم,2,,
ودمرنا,2,,
ودون,2,,
وديارهم,2,,
ودية,2,,
ودين,2,,
وذا,2,,
وذات,2,,
وذر,2,,
وذرني,2,,
وذروا,2,,
وذرياتنا,2,,
وذرياتهم,2,,
وذرية,2,,
وذريته,2,,
وذريتها,2,,
وذكر,2,,
وذكرا,2,,
وذكرهم,2,,
وذكروا,2,,
وذكري,2,,
وذلة,2,,
وذلك,2,,
وذلكم,2,,
وذللت,2,,
وذللناها,2,,
وذو,2,,
وذوقوا,2,,
وذي,2,,
ورئاء,2,,
ورئيا,2,,
ورابطوا,2,,
وراعنا,2,,
ورافعك,2,,
وراوا,2,,
وراودته,2,,
وراي,2,,کهف ۵۳ میتونه باشه؟
ورايت,2,,
ورايتهم,2,,
ورب,2,,
وربائبكم,2,,
ورباع,2,,
وربت,2,,
وربطنا,2,,
وربكم,2,,
ورتل,2,,
ورتلناه,2,,
ورجلا,2,,
ورجلك,2,,
ورحمة,2,,
ورحمت,2,,
ورحمته,2,,
ورحمتي,2,,
وردوا,2,,
ورزق,2,,
ورزقا,2,,
ورزقكم,2,,
ورزقناهم,2,,
ورزقني,2,,
ورسالاته,2,,
ورسلا,2,,
ورسلنا,2,,
ورسله,2,,
ورسلي,2,,
ورسول,2,,
ورسولا,2,,
ورسوله,2,,
ورضوا,2,,
ورضوان,2,,
ورضوانا,2,,
ورضي,2,,
ورضيت,2,,
ورعد,2,,
ورفاتا,2,,
ورفع,2,,
ورفعنا,2,,
ورفعناه,2,,
ورماحكم,2,,
ورمان,2,,
ورهبا,2,,
ورهبانا,2,,
ورهبانهم,2,,
ورهبانية,2,,
ورواحها,2,,
وروح,2,,
وريحان,2,,
وريشا,2,,
وزادكم,2,,
وزاده,2,,
وزادهم,2,,
وزخرفا,2,,
وزدناهم,2,,
وزرابي,2,,
وزرع,2,,
وزروع,2,,
وزفيرا,2,,
وزكاة,2,,
وزكريا,2,,
وزلزلوا,2,,
وزلفا,2,,
وزنوا,2,,
وزنوهم,2,,
وزهق,2,,
وزوجك,2,,
وزوجناهم,2,,
وزوجه,2,,
وزورا,2,,
وزيادة,2,,
وزيتونا,2,,
وزين,2,,
وزينا,2,,
وزيناها,2,,
وزينة,2,,
وزينتها,2,,
وزينه,2,,
وساء,2,,
وساءت,2,,
وسار,2,,
وسارب,2,,
وسارعوا,2,,
وسبح,2,,
وسبحان,2,,
وسبحه,2,,
وسبحوا,2,,
وسبحوه,2,,
وسبع,2,,
وسبعة,2,,
وسبلا,2,,
وستردون,2,,
وسخر,2,,
وسخرنا,2,,
وسرابيل,2,,
وسراجا,2,,
وسرحوهن,2,,
وسررا,2,,
وسرورا,2,,
وسعة,2,,
وسعر,2,,
وسعي,2,,
وسعيد,2,,
وسعيرا,2,,
وسفرا,2,,
وسقاهم,2,,
وسقوا,2,,
وسقياها,2,,
وسكنتم,2,,
وسلام,2,,
وسلاما,2,,
وسلطان,2,,
وسلك,2,,
وسلموا,2,,
وسليمان,2,,
وسمعنا,2,,
وسمعهم,2,,
وسنجزي,2,,
وسنزيد,2,,
وسنقول,2,,
وسواء,2,,
وسوف,2,,
وسيجزي,2,,
وسيجنبها,2,,
وسيحبط,2,,
وسيحلفون,2,,
وسيدا,2,,
وسيرت,2,,
وسيري,2,,
وسيصلون,2,,
وسيعلم,2,,
وسيق,2,,
وشاركهم,2,,
وشاقوا,2,,
وشاورهم,2,,
وشجرة,2,,
وشددنا,2,,
وشراب,2,,
وشرابك,2,,
وشركاءكم,2,,
وشركاوكم,2,,
وشروه,2,,
وشفاء,2,,
وشفتين,2,,
وشقاق,2,,
وشمال,2,,
وشهبا,2,,
وشهد,2,,
وشهدوا,2,,
وشهيد,2,,
وشهيق,2,,
وشيء,2,,
وشيبة,2,,
وصابروا,2,,
وصاحبته,2,,
وصاحبهما,2,,
وصالح,2,,
وصبروا,2,,
وصبغ,2,,
وصد,2,,
وصدف,2,,
وصدق,2,,
وصدقت,2,,
وصدها,2,,
وصدوا,2,,
وصدوكم,2,,
وصرفنا,2,,
وصلوات,2,,
وصما,2,,
وصموا,2,,
وصهرا,2,,
وصوركم,2,,
وضائق,2,,
وضاق,2,,
وضاقت,2,,
وضحاها,2,,
وضرب,2,,
وضربت,2,,
وضربنا,2,,
وضعف,2,,
وضل,2,,
وضلوا,2,,
وضياء,2,,
وطائفة,2,,
وطبع,2,,
وطعام,2,,
وطعاما,2,,
وطعامكم,2,,
وطعامه,2,,
وطعنا,2,,
وطعنوا,2,,
وطفقا,2,,
وطلح,2,,
وطمعا,2,,
وطهر,2,,
وطهرك,2,,
وظالم,2,,
وظاهره,2,,
وظاهروا,2,,
وظل,2,,
وظلالهم,2,,
وظللنا,2,,
وظلما,2,,
وظلموا,2,,
وظلها,2,,
وظن,2,,
وظننتم,2,,
وظنوا,2,,
وظهر,2,,
وظهورهم,2,,
وعاد,2,,
وعادا,2,,
وعاشروهن,2,,
وعباد,2,,
وعبد,2,,
وعبقري,2,,
وعتوا,2,,
وعجبوا,2,,
وعجلت,2,,
وعدده,2,,
وعدسها,2,,
وعدلا,2,,
وعدو,2,,
وعدوا,2,,یونس ۹۰
وعدوكم,2,,
وعذاب,2,,
وعذابا,2,,
وعذب,2,,
وعذبناها,2,,
وعربي,2,,
وعرضنا,2,,
وعرضوا,2,,
وعزرتموهم,2,,
وعزروه,2,,
وعزني,2,,
وعسي,2,,
وعشرا,2,,
وعشيا,2,,
وعشيرتكم,2,,
وعصوا,2,,
وعصي,2,,
وعصيتم,2,,
وعصينا,2,,
وعصيهم,2,,
وعظاما,2,,
وعظهم,2,,
وعفا,2,,
وعقبي,2,,
وعلامات,2,,
وعلانية,2,,
وعلم,2,,
وعلما,2,,
وعلمتم,2,,
وعلمتني,2,,
وعلمك,2,,
وعلمناه,2,,
وعلمه,2,,
وعلوا,2,,
وعلي,2,,
وعليكم,2,,
وعلينا,2,,
وعليه,2,,
وعليها,2,,
وعليهم,2,,
وعماتكم,2,,
وعمارة,2,,
وعمروها,2,,
وعمل,2,,
وعمله,2,,
وعملوا,2,,
وعميانا,2,,
وعن,2,,
وعنب,2,,
وعنبا,2,,
وعنت,2,,
وعند,2,,
وعندنا,2,,
وعنده,2,,
وعندهم,2,,
وعهدنا,2,,
وعهدهم,2,,
وعيسي,2,,
وعيون,2,,
وغدوا,2,,قلم ۲۵
وغرابيب,2,,
وغرتكم,2,,
وغرتهم,2,,
وغركم,2,,
وغرهم,2,,
وغساق,2,,
وغساقا,2,,
وغضب,2,,
وغفر,2,,
وغلقت,2,,
وغواص,2,,
وغير,2,,
وغيض,2,,
وفار,2,,
وفاكهة,2,,
وفتح,2,,
وفتحت,2,,
وفتناك,2,,
وفجرنا,2,,
وفديناه,2,,
وفرادي,2,,
وفرحوا,2,,
وفرش,2,,
وفرشا,2,,
وفرضناها,2,,
وفرعها,2,,
وفرعون,2,,
وفريق,2,,
وفريقا,2,,
وفساد,2,,
وفصاله,2,,
وفصل,2,,
وفصيلته,2,,
وفضل,2,,
وفضلا,2,,
وفضلناهم,2,,
وفعلت,2,,
وفواكه,2,,
وفوق,2,,
وفومها,2,,
وفيكم,2,,
وفيه,2,,
وفيها,2,,
وقائما,2,,
وقابل,2,,
وقاتل,2,,
وقاتلوا,2,,
وقاتلوهم,2,,
وقارون,2,,
وقاسمهما,2,,
وقال,2,,
وقالا,2,,
وقالت,2,,
وقالوا,2,,
وقبائل,2,,
وقبل,2,,
وقبيله,2,,
وقتل,2,,
وقتلت,2,,
وقتلهم,2,,
وقتلوا,2,,
وقثائها,2,,
وقد,2,,
وقدت,2,,
وقدر,2,,
وقدرنا,2,,
وقدره,2,,
وقدمنا,2,,
وقدموا,2,,
وقدور,2,,
وقذف,2,,
وقران,2,,
وقرانا,2,,
وقرانه,2,,
وقربناه,2,,
وقرن,2,,
وقرونا,2,,
وقري,2,,
وقص,2,,
وقصر,2,,
وقضبا,2,,
وقضي,2,,
وقضينا,2,,
وقطعن,2,,
وقطعنا,2,,
وقطعناهم,2,,
وقعد,2,,
وقعدوا,2,,
وقعودا,2,,
وقفوهم,2,,
وقفينا,2,,
وقل,2,,
وقلبه,2,,
وقلبوا,2,,
وقلن,2,,
وقلنا,2,,
وقلوبهم,2,,
وقلوبهن,2,,
وقليل,2,,
وقمرا,2,,
وقنا,2,,
وقهم,2,,
وقول,2,,
وقولهم,2,,
وقولوا,2,,
وقوم,2,,
وقومك,2,,
وقومه,2,,
وقومها,2,,
وقومهم,2,,
وقومهما,2,,
وقوموا,2,,
وقياما,2,,
وقيضنا,2,,
وقيل,2,,
وقيله,2,,
وكادوا,2,,
وكاس,2,,
وكاسا,2,,
وكان,2,,
وكانت,2,,
وكانوا,2,,
وكاين,2,,
وكبراءنا,2,,
وكبره,2,,
وكبير,2,,
وكتبنا,2,,
وكتبه,2,,
وكثير,2,,
وكذب,2,,
وكذبتم,2,,
وكذبوا,2,,
وكذلك,2,,
وكره,2,,
وكرها,2,,
وكرهوا,2,,
وكسوتهن,2,,
وكشفت,2,,
وكشفنا,2,,
وكف,2,,
وكفر,2,,
وكفرا,2,,
وكفرت,2,,
وكفرتم,2,,
وكفرنا,2,,
وكفرهم,2,,
وكفروا,2,,
وكفلها,2,,
وكفي,2,,
وكلا,2,,
وكلبهم,2,,
وكلم,2,,
وكلما,2,,
وكلماته,2,,
وكلمة,2,,
وكلمته,2,,
وكلمه,2,,
وكلمهم,2,,
وكلهم,2,,
وكلوا,2,,
وكم,2,,
وكن,2,,
وكنا,2,,
وكنت,2,,
وكنتم,2,,
وكنوز,2,,
وكهلا,2,,
وكواعب,2,,
وكونوا,2,,
وكيف,2,,
ولئن,2,,
ولا,2,,
ولابويه,2,,
ولابين,2,,
ولات,2,,
ولاتم,2,,
ولاجر,2,,
ولاحل,2,,
ولاخواننا,2,,
ولاخي,2,,
ولادخلناهم,2,,
ولادخلنكم,2,,
ولادخلنهم,2,,
ولاصلبنكم,2,,
ولاضلنهم,2,,
ولاغوينهم,2,,
ولامة,2,,
ولامرنهم,2,,
ولامنينهم,2,,
ولانعامكم,2,,
ولاوضعوا,2,,
ولبئس,2,,
ولباس,2,,
ولباسهم,2,,
ولبثت,2,,
ولبثوا,2,,
ولبيوتهم,2,,
ولتبتغوا,2,,
ولتبلغوا,2,,
ولتتقوا,2,,
ولتجدن,2,,
ولتجدنهم,2,,
ولتجري,2,,
ولتجزي,2,,
ولتسالن,2,,
ولتستبين,2,,
ولتسمعن,2,,
ولتصغي,2,,
ولتصنع,2,,
ولتطمئن,2,,
ولتعرفنهم,2,,
ولتعلم,2,,
ولتعلمن,2,,
ولتعلموا,2,,
ولتعلن,2,,
ولتكبروا,2,,
ولتكملوا,2,,
ولتكون,2,,
ولتكونن,2,,
ولتنازعتم,2,,
ولتنذر,2,,
ولتنصرنه,2,,
ولتنظر,2,,
ولحم,2,,
ولدار,2,,
ولدينا,2,,
ولذكر,2,,
ولذلك,2,,
ولذي,2,,
ولربك,2,,
ولرسوله,2,,
ولزوجك,2,,
ولسانا,2,,
ولستم,2,,
ولسليمان,2,,
ولسوف,2,,
ولعب,2,,
ولعبا,2,,
ولعبد,2,,
ولعذاب,2,,
ولعلا,2,,
ولعلكم,2,,
ولعلهم,2,,
ولعنه,2,,
ولعنهم,2,,
ولعنوا,2,,
ولقاء,2,,
ولقائه,2,,
ولقاهم,2,,
ولقد,2,,
ولقومك,2,,
ولك,2,,
ولكل,2,,
ولكم,2,,
ولكن,2,,
ولكنا,2,,
وللاخرة,2,,
وللارض,2,,
وللبسنا,2,,
وللدار,2,,
وللذين,2,,
وللرجال,2,,
وللرسول,2,,
وللسيارة,2,,
وللكافرين,2,,
وللمطلقات,2,,
وللمومنين,2,,
وللنساء,2,,
ولله,2,,
ولم,2,,
ولما,2,,
ولملئت,2,,
ولمن,2,,
ولن,2,,
ولنا,2,,
ولنبلونكم,2,,
ولنبينه,2,,
ولنجزين,2,,
ولنجزينهم,2,,
ولنجعلك,2,,
ولنجعله,2,,
ولنحمل,2,,
ولنخرجنهم,2,,
ولنذيقنهم,2,,
ولنرسلن,2,,
ولنسالن,2,,
ولنسكننكم,2,,
ولنصبرن,2,,
ولنعلمه,2,,
ولنعم,2,,
ولنكونن,2,,
وله,2,,
ولها,2,,
ولهديناهم,2,,
ولهم,2,,
ولهن,2,,
ولهو,2,,
ولهوا,2,,
ولو,2,,
ولوالدي,2,,
ولوالديك,2,,
ولوطا,2,,
ولولا,2,,
ولولوا,2,,
ولوموا,2,,
وليا,2,,
ولياتينهم,2,,
وليبتلي,2,,
وليبدلنهم,2,,
وليبكوا,2,,
وليبلي,2,,
وليبينن,2,,
وليتبروا,2,,
وليتذكر,2,,
وليتمتعوا,2,,
وليحلفن,2,,
وليحملن,2,,
وليخزي,2,,
وليدخلوا,2,,
وليذكر,2,,
وليذيقكم,2,,
وليربط,2,,
وليرضوه,2,,
وليزيدن,2,,
وليس,2,,
وليسالن,2,,
وليسالوا,2,,
وليست,2,,
وليعلم,2,,
وليعلمن,2,,
وليعلموا,2,,
وليقترفوا,2,,
وليقول,2,,
وليكون,2,,
وليكونا,2,,
وليلبسوا,2,,
وليمحص,2,,
وليمسنكم,2,,
وليمكنن,2,,
ولينذروا,2,,
ولينصرن,2,,
وليوفيهم,2,,
وما,2,,
وماء,2,,
وماتوا,2,,
وماجوج,2,,
وماذا,2,,
وماروت,2,,
وماواكم,2,,
وماواه,2,,
وماواهم,2,,
ومبشرا,2,,
ومتاع,2,,
ومتاعا,2,,
ومتعناهم,2,,
ومتعوهن,2,,
ومثل,2,,
ومثلا,2,,
ومثله,2,,
ومثلهم,2,,
ومثواكم,2,,
ومحرم,2,,
ومحياي,2,,
ومخرج,2,,
ومرساها,2,,
ومرعاها,2,,
ومريم,2,,
ومزاجه,2,,
ومزقناهم,2,,
ومساجد,2,,
ومساكن,2,,
ومساكنكم,2,,
ومستودع,2,,
ومستودعها,2,,
ومشارب,2,,
ومشهود,2,,
ومصدقا,2,,
ومصيرا,2,,
ومضي,2,,
ومطهرك,2,,
ومعارج,2,,
ومعصيت,2,,
ومعين,2,,
ومغاربها,2,,
ومغانم,2,,
ومغفرة,2,,
ومقام,2,,
ومقاما,2,,
ومقتا,2,,
ومقصرين,2,,
ومكر,2,,
ومكرنا,2,,
ومكروا,2,,
وملئه,2,,
وملئهم,2,,
وملائكته,2,,
وملاه,2,,
وملك,2,,
وملكا,2,,
ومما,2,,
ومماتهم,2,,
ومماتي,2,,
وممن,2,,
ومن,2,,
ومنا,2,,
ومناة,2,,
ومنافع,2,,
ومنذرين,2,,
ومنك,2,,
ومنكم,2,,
ومنه,2,,
ومنها,2,,
ومنهاجا,2,,
ومنهم,2,,
ومهدت,2,,
ومهلهم,2,,
ومهيمنا,2,,
ومواليكم,2,,
وموسي,2,,
وموعظة,2,,
وميثاقه,2,,
وميكال,2,,
وناداهما,2,,
ونادوا,2,,
ونادي,2,,
وناديناه,2,,
وناي,2,,
ونبئهم,2,,
ونباتا,2,,
ونبلو,2,,
ونبلوكم,2,,
ونبيا,2,,
ونتبع,2,,
ونتجاوز,2,,
ونجعل,2,,
ونجعلهم,2,,
ونجنا,2,,
ونجني,2,,
ونجواهم,2,,
ونجينا,2,,
ونجيناه,2,,
ونجيناهم,2,,
ونجيناهما,2,,
ونحاس,2,,
ونحشر,2,,
ونحشره,2,,
ونحشرهم,2,,
ونحفظ,2,,
ونحن,2,,
ونحيا,2,,
ونخرج,2,,
ونخزي,2,,
ونخل,2,,
ونخلا,2,,
ونخوفهم,2,,
ونخيل,2,,
ونداء,2,,
وندخلكم,2,,
وندخلهم,2,,
ونذر,2,,
ونذرهم,2,,
ونذكرك,2,,
ونذير,2,,
ونذيرا,2,,
ونذيقه,2,,
ونراه,2,,
ونرثه,2,,
ونرد,2,,
ونري,2,,
ونريد,2,,
ونزداد,2,,
ونزع,2,,
ونزعنا,2,,
ونزل,2,,
ونزلنا,2,,
ونزلناه,2,,
ونساء,2,,
ونساءكم,2,,
ونساءنا,2,,
ونستحيي,2,,
ونسرا,2,؟؟؟؟؟,
ونسقيه,2,,
ونسكي,2,,
ونسوا,2,,
ونسوق,2,,
ونسوه,2,,
ونسي,2,,
ونصحت,2,,
ونصرناه,2,,
ونصرناهم,2,,
ونصروا,2,,
ونصروه,2,,
ونصفه,2,,
ونصله,2,,
ونصيرا,2,,
ونضع,2,,
ونطبع,2,,
ونطمع,2,,
ونعلم,2,,
ونعم,2,,
ونعمة,2,,
ونعمه,2,,
ونعيم,2,,
ونفاقا,2,,
ونفخ,2,,
ونفخت,2,,
ونفصل,2,,
ونفضل,2,,
ونفور,2,,
ونقدس,2,,
ونقر,2,,
ونقص,2,,
ونقلب,2,,
ونقلبهم,2,,
ونقول,2,,
ونكتب,2,,
ونكفر,2,,
ونكون,2,,
ونلعب,2,,
ونمارق,2,,
ونمد,2,,
ونمكن,2,,
ونمنعكم,2,,
ونميت,2,,
ونمير,2,,
وننزل,2,,
وننشئكم,2,,
ونهارا,2,,
ونهر,2,,
ونهوا,2,,
ونهي,2,,
ونوحا,2,,
ونودوا,2,,
ونور,2,,
ونورهم,2,,
ونيسرك,2,,
وهاجروا,2,,
وهارون,2,,
وهامان,2,,
وهداه,2,,
وهدوا,2,,
وهدي,2,,
وهديناه,2,,
وهديناهم,2,,
وهديناهما,2,,
وهذه,2,,
وهزي,2,,
وهل,2,,
وهم,2,,
وهما,2,,
وهمت,2,,
وهموا,2,,
وهو,2,,
وهولاء,2,,
وهي,2,,
وهيئ,2,,
وواعدنا,2,,
وواعدناكم,2,,
ووجد,2,,
ووجدك,2,,
ووجدوا,2,,
ووجوه,2,,
ووحينا,2,,
وودوا,2,,
وورث,2,,
وورثه,2,,
ووصي,2,,
ووصينا,2,,
ووضع,2,,
ووضعته,2,,
ووضعنا,2,,
ووعدتكم,2,,
ووفيت,2,,
ووقانا,2,,
ووقاهم,2,,
ووقع,2,,
وولدا,2,,
وولده,2,,
ووهبنا,2,,
وويل,2,,
ويا,2,,
ويابي,2,,
ويات,2,,
وياتوكم,2,,
وياتينا,2,,
وياتيه,2,,
وياخذ,2,,
وياكلون,2,,
ويامركم,2,,
ويامرون,2,,
ويامنوا,2,,
ويبسط,2,,
ويبسطوا,2,,
ويبشر,2,,
ويبصرون,2,,
ويبطل,2,,
ويبغون,2,,
ويبغونها,2,,
ويبقي,2,,
ويبين,2,,
ويتبع,2,,
ويتجنبها,2,,
ويتخذ,2,,
ويتخذها,2,,
ويتخطف,2,,
ويتربص,2,,
ويتعد,2,,
ويتعلمون,2,,
ويتفكرون,2,,
ويتقه,2,,
ويتلوه,2,,
ويتم,2,,
ويتمتعوا,2,,
ويتناجون,2,,
ويتوب,2,,
ويتولوا,2,,
ويتيما,2,,
ويثبت,2,,
ويجادل,2,,
ويجركم,2,,
ويجزي,2,,
ويجزيهم,2,,
ويجعل,2,,
ويجعلكم,2,,
ويجعله,2,,
ويجعلون,2,,
ويحب,2,,
ويحبون,2,,
ويحبونه,2,,
ويحذركم,2,,
ويحرم,2,,
ويحرمونه,2,,
ويحسبون,2,,
ويحفظن,2,,
ويحفظوا,2,,
ويحق,2,,
ويحل,2,,
ويحلفون,2,,
ويحمل,2,,
ويحيي,2,,
ويخافون,2,,
ويختار,2,,
ويخرج,2,,
ويخرجكم,2,,
ويخرجهم,2,,
ويخرون,2,,
ويخزهم,2,,
ويخش,2,,
ويخشون,2,,
ويخشونه,2,,
ويخلد,2,,
ويخلق,2,,
ويخوفونك,2,,
ويدخلكم,2,,
ويدخله,2,,
ويدخلهم,2,,
ويدرءون,2,,
ويدرا,2,,
ويدع,2,,
ويدعون,2,,
ويدعوننا,2,,
ويذبحون,2,,
ويذرك,2,,
ويذرهم,2,,
ويذرون,2,,
ويذكر,2,,
ويذكروا,2,,
ويذهب,2,,
ويذهبا,2,,
ويذيق,2,,
ويربي,2,,
ويرث,2,,
ويرجو,2,,
ويرجون,2,,
ويرحم,2,,
ويرزقه,2,,
ويرسل,2,,
ويرضي,2,,
ويرضين,2,,
ويري,2,,
ويريد,2,,
ويريدون,2,,
ويريكم,2,,
ويزداد,2,,
ويزدكم,2,,
ويزكيكم,2,,
ويزكيهم,2,,
ويزيد,2,,
ويزيدهم,2,,
ويسارعون,2,,
ويسالون,2,,
ويسالونك,2,,
ويسبح,2,,
ويسبحونه,2,,
ويستاذن,2,,
ويستبدل,2,,
ويستبشرون,2,,
ويستجيب,2,,
ويستحيون,2,,
ويستحيي,2,,
ويستخرجا,2,,
ويستخلف,2,,
ويستخلفكم,2,,
ويستعجلونك,2,,
ويستغفروا,2,,
ويستغفرون,2,,
ويستغفرونه,2,,
ويستفتونك,2,,
ويستكبر,2,,
ويستنبئونك,2,,
ويستهزا,2,,
ويسخرون,2,,
ويسر,2,,
ويسعون,2,,
ويسفك,2,,
ويسقون,2,,
ويسقي,2,,
ويسقين,2,,
ويسلموا,2,,
ويشترون,2,,
ويشرب,2,,
ويشف,2,,
ويشهد,2,,
ويصبر,2,,
ويصدكم,2,,
ويصدون,2,,
ويصرفه,2,,
ويصلح,2,,
ويصلي,2,,
ويصنع,2,,
ويضرب,2,,
ويضع,2,,
ويضل,2,,
ويضيق,2,,
ويطاف,2,,
ويطعمون,2,,
ويطهركم,2,,
ويطوف,2,,
ويطيعون,2,,
ويعبدون,2,,
ويعذب,2,,
ويعظم,2,,
ويعف,2,,
ويعفو,2,,
ويعقوب,2,,
ويعلم,2,,
ويعلمك,2,,
ويعلمكم,2,,
ويعلمه,2,,
ويعلمهم,2,,
ويعلمون,2,,
ويعمل,2,,
ويعملون,2,,
ويعوق,2,,
ويعيد,2,,
ويغفر,2,,
ويفسدون,2,,
ويفعل,2,,
ويفعلون,2,,
ويقبضن,2,,
ويقبضون,2,,
ويقتلون,2,,
ويقدر,2,,
ويقذفون,2,,
ويقطع,2,,
ويقطعون,2,,
ويقللكم,2,,
ويقول,2,,
ويقولوا,2,,
ويقولون,2,,
ويقيموا,2,,
ويقيمون,2,,
ويكتمون,2,,
ويكشف,2,,
ويكفر,2,,
ويكفرون,2,,
ويكفوا,2,,
ويكلم,2,,
ويكور,2,,زمر۵
ويكون,2,,
ويكونون,2,,
ويلبسون,2,,
ويلعب,2,,
ويلعبوا,2,,
ويلعن,2,,
ويلعنهم,2,,
ويلقوا,2,,
ويلقون,2,,
ويمح,2,,
ويمحق,2,,
ويمددكم,2,,
ويمدهم,2,,
ويمسك,2,,
ويمشون,2,,
ويمشي,2,,
ويمكر,2,,
ويمكرون,2,,
ويمنعون,2,,
ويمنيهم,2,,
ويميت,2,,
ويناون,2,,
وينجي,2,,
وينذر,2,,
وينذرونكم,2,,
وينزل,2,,
وينشئ,2,,
وينشر,2,,
وينصرك,2,,
وينصركم,2,,
وينصرون,2,,
وينعه,2,,
وينفقوا,2,,
وينقلب,2,,
وينهاهم,2,,
وينهون,2,,
وينهي,2,,
ويهب,2,,
ويهدي,2,,
ويهديك,2,,
ويهديكم,2,,
ويهديه,2,,
ويهديهم,2,,
ويهلك,2,,
ويهيئ,2,,
ويوت,2,,
ويوتوا,2,,
ويوتون,2,,
ويوثرون,2,,
ويوخركم,2,,
ويوسف,2,,
ويولج,2,,
ويولون,2,,
ويوم,2,,
ويومئذ,2,,
ويومن,2,,
ويومنون,2,,
ويونس,2,,